Codigo,Nombre
1,ACTIVO 
11,DISPONIBLE 
1105,CAJA 
110505,CAJA GENERAL 
11050501,CAJA GENERAL DE LA CIUDAD DE BOGOta
110510,CAJAS MENORES 
110515,MONEDA EXTRANJERA 
1110,BANCOS 
111005,MONEDA NACIONAL 
111010,MONEDA EXTRANJERA 
1115,REMESAS EN TRANSITO 
111505,MONEDA NACIONAL 
111510,MONEDA EXTRANJERA 
1120,CUENTAS DE AHORRO 
112005,BANCOS 
112010,CORPORACIONES DE AHORRO Y VIVIENDA 
112015,ORGANISMOS COOPERATIVOS FINANCIEROS 
1125,FONDOS 
112505,ROTATORIOS MONEDA NACIONAL 
112510,ROTATORIOS MONEDA EXTRANJERA 
112515,ESPECIALES MONEDA NACIONAL 
112520,ESPECIALES MONEDA EXTRANJERA 
112525,DE AMORTIZACION MONEDA NACIONAL 
112530,DE AMORTIZACION MONEDA EXTRANJERA 
12,INVERSIONES 
1205,ACCIONES 
120505,AGRICULTURA, GANADERIA, CAZA Y SILVICULTURA 
120510,PESCA 
120515,EXPLOTACION DE MINAS Y CANTERAS 
120520,INDUSTRIA MANUFACTURERA 
120525,SUMINISTRO DE ELECTRICIDAD, GAS Y AGUA 
120530,CONSTRUCCION 
120535,COMERCIO AL POR MAYOR Y AL POR MENOR 
120540,HOTELES Y RESTAURANTES 
120545,TRANSPORTE, ALMACENAMIENTO Y COMUNICACIONES 
120550,ACTIVIDAD FINANCIERA 
120555,ACTIVIDADES INMOBILIARIAS, EMPRESARIALES Y DE ALQUILER 
120560,ENSEÑANZA 
120565,SERVICIOS SOCIALES Y DE SALUD 
120570,OTRAS ACTIVIDADES DE SERVICIOS COMUNITARIOS, SOCIALES Y PERSONALES 
120599,AJUSTES POR INFLACION 
1210,CUOTAS O PARTES DE INTERES SOCIAL 
121005,AGRICULTURA, GANADERIA, CAZA Y SILVICULTURA 
121010,PESCA 
121015,EXPLOTACION DE MINAS Y CANTERAS 
121020,INDUSTRIA MANUFACTURERA 
121025,SUMINISTRO DE ELECTRICIDAD, GAS Y AGUA 
121030,CONSTRUCCION 
121035,COMERCIO AL POR MAYOR Y AL POR MENOR 
121040,HOTELES Y RESTAURANTES 
121045,TRANSPORTE, ALMACENAMIENTO Y COMUNICACIONES 
121050,ACTIVIDAD FINANCIERA 
121055,ACTIVIDADES INMOBILIARIAS, EMPRESARIALES Y DE ALQUILER 
121060,ENSEÑANZA 
121065,SERVICIOS SOCIALES Y DE SALUD 
121070,OTRAS ACTIVIDADES DE SERVICIOS COMUNITARIOS, SOCIALES Y PERSONALES 
121099,AJUSTES POR INFLACION 
1215,BONOS 
121505,BONOS PUBLICOS MONEDA NACIONAL 
121510,BONOS PUBLICOS MONEDA EXTRANJERA 
121515,BONOS ORDINARIOS 
121520,BONOS CONVERTIBLES EN ACCIONES 
121595,OTROS 
1220,CEDULAS 
122005,CEDULAS DE CAPITALIZACION 
122010,CEDULAS HIPOTECARIAS 
122015,CEDULAS DE INVERSION 
122095,OTRAS 
1225,CERTIFICADOS 
122505,CERTIFICADOS DE DEPOSITO A TERMINO (C.D.T.) 
122510,CERTIFICADOS DE DEPOSITO DE AHORRO 
122515,CERTIFICADOS DE AHORRO DE VALOR CONSTANTE (C.A.V.C.) 
122520,CERTIFICADOS DE CAMBIO 
122525,CERTIFICADOS CAFETEROS VALORIZABLES 
122530,CERTIFICADOS ELECTRICOS VALORIZABLES (C.E.V.) 
122535,CERTIFICADOS DE REEMBOLSO TRIBUTARIO (C.E.R.T.) 
122540,CERTIFICADOS DE DESARROLLO TURISTICO 
122545,CERTIFICADOS DE INVERSION FORESTAL (C.I.F.) 
122595,OTROS 
1230,PAPELES COMERCIALES 
123005,EMPRESAS COMERCIALES 
123010,EMPRESAS INDUSTRIALES 
123015,EMPRESAS DE SERVICIOS 
1235,TITULOS 
123505,TITULOS DE DESARROLLO AGROPECUARIO 
123510,TITULOS CANJEABLES POR CERTIFICADOS DE CAMBIO 
123515,TITULOS DE TESORERIA (T.E.S.) 
123520,TITULOS DE PARTICIPACION 
123525,TITULOS DE CREDITO DE FOMENTO 
123530,TITULOS FINANCIEROS AGROINDUSTRIALES (T.F.A.) 
123535,TITULOS DE AHORRO CAFETERO (T.A.C.) 
123540,TITULOS DE AHORRO NACIONAL (T.A.N.) 
123545,TITULOS ENERGETICOS DE RENTABILIDAD CRECIENTE (T.E.R.) 
123550,TITULOS DE AHORRO EDUCATIVO (T.A.E.) 
123555,TITULOS FINANCIEROS INDUSTRIALES Y COMERCIALES 
123560,TESOROS 
123565,TITULOS DE DEVOLUCION DE IMPUESTOS NACIONALES (TIDIS) 
123570,TITULOS INMOBILIARIOS 
123595,OTROS 
1240,ACEPTACIONES BANCARIAS O FINANCIERAS 
124005,BANCOS COMERCIALES 
124010,COMPAÑIAS DE FINANCIAMIENTO COMERCIAL 
124015,CORPORACIONES FINANCIERAS 
124095,OTRAS 
1245,DERECHOS FIDUCIARIOS 
124505,FIDEICOMISOS DE INVERSION MONEDA NACIONAL 
124510,FIDEICOMISOS DE INVERSION MONEDA EXTRANJERA 
1250,DERECHOS DE RECOMPRA DE INVERSIONES NEGOCIADAS (REPOS) 
125005,ACCIONES 
125010,CUOTAS O PARTES DE INTERES SOCIAL 
125015,BONOS 
125020,CEDULAS 
125025,CERTIFICADOS 
125030,PAPELES COMERCIALES 
125035,TITULOS 
125040,ACEPTACIONES BANCARIAS O FINANCIERAS 125095 OTROS 
125099,AJUSTES POR INFLACION 
1255,OBLIGATORIAS 
125505,BONOS DE FINANCIAMIENTO ESPECIAL 
125510,BONOS DE FINANCIAMIENTO PRESUPUESTAL 
125515,BONOS PARA DESARROLLO SOCIAL Y SEGURIDAD INTERNA (B.D.S.I.) 
125595,OTRAS 
1260,CUENTAS EN PARTICIPACION 
126001 a 126098 ,
126099,AJUSTES POR INFLACION 
1295,OTRAS INVERSIONES 
129505,APORTES EN COOPERATIVAS 
129510,DERECHOS EN CLUBES SOCIALES 
129515,ACCIONES O DERECHOS EN CLUBES DEPORTIVOS 
129520,BONOS EN COLEGIOS 
129595,DIVERSAS 
129599,AJUSTES POR INFLACION 
1299,PROVISIONES 
129905,ACCIONES 
129910,CUOTAS O PARTES DE INTERES SOCIAL 
129915,BONOS 
129920,CEDULAS 
129925,CERTIFICADOS 
129930,PAPELES COMERCIALES 
129935,TITULOS 
129940,ACEPTACIONES BANCARIAS O FINANCIERAS 
129945,DERECHOS FIDUCIARIOS 
129950,DERECHOS DE RECOMPRA DE INVERSIONES NEGOCIADAS 
129955,OBLIGATORIAS 
129960,CUENTAS EN PARTICIPACION 
129995,OTRAS INVERSIONES 
13,DEUDORES 
1305,CLIENTES 
130505,NACIONALES 
130510,DEL EXTERIOR 
130515,DEUDORES DEL SISTEMA 
1310,CUENTAS CORRIENTES COMERCIALES 
131005,CASA MATRIZ 
131010,COMPAÑIAS VINCULADAS 
131015,ACCIONISTAS O SOCIOS 
131020,PARTICULARES 
131095,OTRAS 
1315,CUENTAS POR COBRAR A CASA MATRIZ 
131505,VENTAS 
131510,PAGOS A NOMBRE DE CASA MATRIZ 
131515,VALORES RECIBIDOS POR CASA MATRIZ 
131520,PRESTAMOS 
1320,CUENTAS POR COBRAR A VINCULADOS ECONOMICOS 
132005,FILIALES 
132010,SUBSIDIARIAS 
132015,SUCURSALES 
1325,CUENTA S POR COBRAR A SOCIOS Y ACCIONISTAS 
132505,A SOCIOS 
132510,A ACCIONISTAS 
1328,APORTES POR COBRAR 
132801 a 132898 ,
1330,ANTICIPOS Y AVANCES 
133005,A PROVEEDORES 
133010,A CONTRATISTAS 
133015,A TRABAJADORES 
133020,A AGENTES 
133025,A CONCESIONARIOS 
133030,DE ADJUDICACIONES 
133095,OTROS 
1332,CUENTAS DE OPERACION CONJUNTA 
133201 a 133298 ,
1335,DEPOSITOS 
133505,PARA IMPORTACIONES 
133510,PARA SERVICIOS 
133515,PARA CONTRATOS 
133520,PARA RESPONSABILIDADES 
133525,PARA JUICIOS EJECUTIVOS 
133530,PARA ADQUISICION DE ACCIONES, CUOTAS O DERECHOS SOCIALES 
133535,EN GARANTIA 
133595,OTROS 
1340,PROMESAS DE COMPRA VENTA 
134005,DE BIENES RAICES 
134010,DE MAQUINARIA Y EQUIPO 
134015,DE FLOTA Y EQUIPO DE TRANSPORTE 
134020,DE FLOTA Y EQUIPO AEREO 
134025,DE FLOTA Y EQUIPO FERREO 
134030,DE FLOTA Y EQUIPO FLUVIAL Y/O MARITIMO 
134035,DE SEMOVIENTES 
134095,DE OTROS BIENES 
1345,INGRESOS POR COBRAR 
134505,DIVIDENDOS Y/O PARTICIPACIONES 
134510,INTERESES 
134515,COMISIONES 
134520,HONORARIOS 
134525,SERVICIOS 
134530,ARRENDAMIENTOS 
134535,CERT POR COBRAR 
134595,OTROS 
1350,RETENCION SOBRE CONTRATOS 
135005,DE CONSTRUCCION 
135010,DE PRESTACION DE SERVICIOS 
135095,OTROS 
1355,ANTICIPO DE IMPUESTOS Y CONTRIBUCIONES O SALDOS A FAVOR 
135505,ANTICIPO DE IMPUESTOS DE RENTA Y COMPLEMENTARIOS 
135510,ANTICIPO DE IMPUESTOS DE INDUSTRIA Y COMERCIO 
135515,RETENCION EN LA FUENTE 
135520,SOBRANTES EN LIQUIDACION PRIVADA DE IMPUESTOS 
135525,CONTRIBUCIONES 
135530,IMPUESTOS DESCONTABLES 
135595,OTROS 
1360,RECLAMACIONES 
136005,A COMPAÑIAS ASEGURADORAS 
136010,A TRANSPORTADORES 
136015,POR TIQUETES AEREOS 
136095,OTRAS 
1365,CUENTAS POR COBRAR A TRABAJADORES 
136505,VIVIENDA 
136510,VEHICULOS 
136515,EDUCACION 
136520,MEDICOS, ODONTOLOGICOS Y SIMILARES 
136525,CALAMIDAD DOMESTICA 
136530,RESPONSABILIDADES 
136595,OTROS 
1370,PRESTAMOS A PARTICULARES 
137005,CON GARANTIA REAL 
137010,CON GARANTIA PERSONAL 
1380,DEUDORES VARIOS 
138005,DEPOSITARIOS 
138010,COMISIONISTAS DE BOLSAS 
138015,FONDO DE INVERSION 
138020,CUENTAS POR COBRAR DE TERCEROS 
138025,PAGOS POR CUENTA DE TERCEROS 
138030,FONDOS DE INVERSION SOCIAL 
138095,OTROS 
1385,DERECHOS DE RECOMPRA DE CARTERA NEGOCIADA 
138501 a 138598 ,
1390,DEUDAS DE DIFICIL COBRO 
139001 a 139098 ,
1399,PROVISIONES 
139905,CLIENTES 
139910,CUENTAS CORRIENTES COMERCIALES 
139915,CUENTAS POR COBRAR A CASA MATRIZ 
139920,CUENTAS POR COBRAR A VINCULADOS ECONOMICOS 
139925,CUENTAS POR COBRAR A SOCIOS Y ACCIONISTAS 
139930,ANTICIPOS Y AVANCES 
139932,CUENTAS DE OPERACION CONJUNTA 
139935,DEPOSITOS 
139940,PROMESAS DE COMPRAVENTA 
139945,INGRESOS POR COBRAR 
139950,RETENCION SOBRE CONTRATOS 
139955,RECLAMACIONES 
139960,CUENTAS POR COBRAR A TRABAJADORES 
139965,PRESTAMOS A PARTICULARES 
139975,DEUDORES VARIOS 
139980,DERECHOS DE RECOMPRA DE CARTERA NEGOCIADA 
14,INVENTARIOS 
1405,MATERIAS PRIMAS 
140501 a 140598 ,
140599,AJUSTES POR INFLACION 
1410,PRODUCTOS EN PROCESO 
141001 a 141098 ,
141099,AJUSTES POR INFLACION 
1415,OBRAS DE CONSTRUCCION EN CURSO 
141501 a 141598 ,
141599,AJUSTES POR INFLACION 
1417,OBRAS DE URBANISMO 
141701 a 141798 ,
141799,AJUSTES POR INFLACION 
1420,CONTRATOS EN EJECUCION 
142001 a 142098 ,
142099,AJUSTES POR INFLACION 
1425,CULTIVOS EN DESARROLLO 
142501 a 142598 ,
142599,AJUSTES POR INFLACION 
1430,PRODUCTOS TERMINADOS 
143005,PRODUCTOS MANUFACTURADOS 
143010,PRODUCTOS EXTRAIDOS Y/O PROCESADOS 
143015,PRODUCTOS AGRICOLAS Y FORESTALES 
143020,SUBPRODUCTOS 
143025,PRODUCTOS DE PESCA 
143099,AJUSTES POR INFLACION 
1435,MERCANCIAS NO FABRICADAS POR LA EMPRESA 
143501 a 143598 ,
143599,AJUSTES POR INFLACION 
1440,BIENES RAICES PARA LA VENTA 
144001 a 144098 ,
144099,AJUSTES POR INFLACION 
1445,SEMOVIENTES 
144505,ESPECIES MAYORES 
144510,ESPECIES MENORES 
144599,AJUSTES POR INFLACION 
1450,TERRENOS 
145005,POR URBANIZAR 
145010,URBANIZADOS POR CONSTRUIR 
145099,AJUSTES POR INFLACION 
1455,MATERIALES, REPUESTOS Y ACCESORIOS 
145505,COMBUSTIBLES Y LUBRICANTES 
145510,ABONOS Y FERTILIZANTES 
145515,SEMILLAS TERMINADAS 
145520,FUNGICIDAS Y HERBICIDAS 
145525,MATERIALES Y REPUESTOS 
145530,LOZA Y CRISTALERIA 
145535,HERRAMIENTAS 
145540,MEDICINAS 
145545,ELEMENTOS HOSPITALARIOS 
145550,INSTRUMENTAL QUIRURGICO 
145555,DOTACION Y SUMINISTRO A TRABAJADORES 
145560,ELEMENTOS DE ROPERIA Y LENCERIA 
145595,OTROS 
145599,AJUSTES POR INFLACION 
1460,ENVASES Y EMPAQUES 
146001 a 146098 ,
146099,AJUSTES POR INFLACION 
1465,INVENTARIOS EN TRANSITO 
146501 a 146598 ,
146599,AJUSTES POR INFLACION 
1499,PROVISIONES 
149905,PARA OBSOLESCENCIA 
149910,PARA DIFERENCIA DE INVENTARIO FISICO 
149915,PARA PERDIDAS DE INVENTARIOS 
149920,LIFO 
15,PROPIEDADES PLANTA Y EQUIPO 
1504,TERRENOS 
150405,URBANOS 
150410,RURALES 
150499,AJUSTES POR INFLACION 
1506,MATERIALES PROYECTOS PETROLEROS 
150605,TUBERIAS Y EQUIPO 
150610,COSTOS DE IMPORTACION MATERIALES 
150615,PROYECTOS DE CONSTRUCCION 
150699,AJUSTES POR INFLACION 
1508,CONSTRUCCIONES EN CURSO 
150805,CONSTRUCCIONES Y EDIFICACIONES 
150810,ACUEDUCTOS PLANTAS Y REDES 
150815,VIAS DE COMUNICACION 
150820,POZOS ARTESIANOS 
150825,PROYECTOS DE EXPLORACION 
150830,PROYECTOS DE DESARROLLO 
150899,AJUSTES POR INFLACION 
1512,MAQUINARIA Y EQUIPOS EN MONTAJE 
151205,MAQUINARIA Y EQUIPO 
151210,EQUIPO DE OFICINA 
151215,EQUIPO DE COMPUTACION Y COMUNICACION 
151220,EQUIPO MEDICO-CIENTIFICO 
151225,EQUIPO DE HOTELES Y RESTAURANTES 
151230,FLOTA Y EQUIPO DE TRANSPORTE 
151235,FLOTA Y EQUIPO FLUVIAL Y/O MARITIMO 
151240,FLOTA Y EQUIPO AEREO 
151245,FLOTA Y EQUIPO FERREO 
151250,PLANTAS Y REDES 
151299,AJUSTES POR INFLACION 
1516,CONSTRUCCIONES Y EDIFICACIONES 
151605,EDIFICIOS 
151610,OFICINAS 
151615,ALMACENES 
151620,FABRICAS Y PLANTAS INDUSTRIALES 
151625,SALAS DE EXHIBICION Y VENTAS 
151630,CAFETERIA Y CASINOS 
151635,SILOS 
151640,INVERNADEROS 
151645,CASETAS Y CAMPAMENTOS 
151650,INSTALACIONES AGROPECUARIAS 
151655,VIVIENDAS PARA EMPLEADOS Y OBREROS 
151660,TERMINAL DE BUSES Y TAXIS 
151663,TERMINAL MARITIMO 
151665,TERMINAL FERREO 
151670,PARQUEADEROS, GARAJES Y DEPOSITOS 
151675,HANGARES 
151680,BODEGAS 
151695,OTROS 
151699,AJUSTES POR INFLACION 
1520,MAQUINARIA Y EQUIPO 
152001 a 152098 ,
152099,AJUSTES POR INFLACION 
1524,EQUIPO DE OFICINA 
152405,MUEBLES Y ENSERES 
152410,EQUIPOS 
152495,OTROS 
152499,AJUSTES POR INFLACION 
1528,EQUIPO DE COMPUTACION Y COMUNICACION 
152805,EQUIPOS DE PROCESAMIENTO DE DATOS 
152810,EQUIPOS DE TELECOMUNICACIONES 
152815,EQUIPOS DE RADIO 
152820,SATELITES Y ANTENAS 
152825,LINEAS TELEFONICAS 
152895,OTROS 
152899,AJUSTES POR INFLACION 
1532,EQUIPO MEDICO - CIENTIFICO 
153205,MEDICO 
153210,ODONTOLOGICO 
153215,LABORATORIO 
153220,INSTRUMENTAL 
153295,OTROS 
153299,AJUSTES POR INFLACION 
1536,EQUIPO DE HOTELES Y RESTAURANTES 
153605,DE HABITACIONES 
153610,DE COMESTIBLES Y BEBIDAS 
153695,OTROS 
153699,AJUSTES POR INFLACION 
1540,FLOTA Y EQUIPO DE TRANSPORTE 
154005,AUTOS, CAMIONETAS Y CAMPEROS 
154008,CAMIONES, VOLQUETAS Y FURGONES 
154010,TRACTOMULAS Y REMOLQUES 
154015,BUSES Y BUSETAS 
154017,RECOLECTORES Y CONTENEDORES 
154020,MONTACARGAS 
154025,PALAS Y GRUAS 
154030,MOTOCICLETAS 
154035,BICICLETAS 
154040,ESTIBAS Y CARRETAS 
154045,BANDAS TRANSPORTADORAS 
154095,OTROS 
154099,AJUSTES POR INFLACION 
1544,FLOTA Y EQUIPO FLUVIAL Y/O MARITIMO 
154405,BUQUES 
154410,LANCHAS 
154415,REMOLCADORAS 
154420,BOTES 
154425,BOYAS 
154430,AMARRES 
154435,CONTENEDORES Y CHASSISES 
154440,GABARRAS 
154495,OTROS 
154499,AJUSTES POR INFLACION 
1548,FLOTA Y EQUIPO AEREO 
154805,AVIONES 
154810,AVIONETAS 
154815,HELICOPTEROS 
154820,TURBINAS Y MOTORES 
154825,MANUALES DE ENTRENAMIENTO PERSONAL TECNICO 
154830,EQUIPOS DE VUELO 
154895,OTROS 
154899,AJUSTES POR INFLACION 
1552,FLOTA Y EQUIPO FERREO 
155205,LOCOMOTORAS 
155210,VAGONES 
155215,REDES FERREAS 
155295,OTROS 
155299,AJUSTES POR INFLACION 
1556,ACUEDUCTOS PLANTAS Y REDES 
155605,INSTALACIONES PARA AGUA Y ENERGIA 
155610,ACUEDUCTO ACEQUIAS Y CANALIZACIONES 
155615,PLANTAS DE GENERACION HIDRAULICA 
155620,PLANTAS DE GENERACION TERMICA 
155625,PLANTAS DE GENERACION A GAS 
155628,PLANTAS DE GENERACION DIESEL, GASOLINA Y PETROLEO 
155630,PLANTAS DE DISTRIBUCION 
155635,PLANTAS DE TRANSMISION Y SUBESTACIONES 
155640,OLEODUCTOS 
155645,GASODUCTOS 
155647,POLIDUCTOS 
155650,REDES DE DISTRIBUCION 
155655,PLANTAS DE TRATAMIENTO 
155660,REDES DE RECOLECCION DE AGUAS NEGRAS 
155665,INSTALACIONES Y EQUIPO DE BOMBEO 
155670,REDES DE DISTRIBUCION DE VAPOR 
155675,REDES DE AIRE 
155680,REDES ALIMENTACION DE GAS 
155682,REDES EXTERNAS DE TELEFONIA 
155685,PLANTAS DESHIDRATADORAS 
155695,OTROS 
155699,AJUSTES POR INFLACION 
1560,ARMAMENTO DE VIGILANCIA 
156001 a 156098 ,
156099,AJUSTES POR INFLACION 
1562,ENVASES Y EMPAQUES 
156201 a 156298 ,
156299,AJUSTES POR INFLACION 
1564,PLANTACIONES AGRICOLAS Y FORESTALES 
156405,CULTIVOS EN DESARROLLO 
156410,CULTIVOS AMORTIZABLES 
156499,AJUSTES POR INFLACION 
1568,VIAS DE COMUNICACION 
156805,PAVIMENTACION Y PATIOS 
156810,VIAS 
156815,PUENTES 
156820,CALLES 
156825,AERODROMOS 
156895,OTROS 
156899,AJUSTES POR INFLACION 
1572,MINAS Y CANTERAS 
157205,MINAS 
157210,CANTERAS 
157299,AJUSTES POR INFLACION 
1576,POZOS ARTESIANOS 
157601 a 157698 ,
157699,AJUSTES POR INFLACION 
1580,YACIMIENTOS 
158001 a 158098 ,
158099,AJUSTES POR INFLACION 
1584,SEMOVIENTES 
158405,ESPECIES MENORES 
158410,ESPECIES MAYORES 
158499,AJUSTES POR INFLACION 
1588,PROPIEDADES PLANTA Y EQUIPO EN TRANSITO 
158805,MAQUINARIA Y EQUIPO 
158810,EQUIPO DE OFICINA 
158815,EQUIPO DE COMPUTACION Y COMUNICACION 
158820,EQUIPO MEDICO CIENTIFICO 
158825,EQUIPO DE HOTELES Y RESTAURANTES 
158830,FLOTA Y EQUIPO DE TRANSPORTE 
158835,FLOTA Y EQUIPO FLUVIAL Y/O MARITIMO 
158840,FLOTA Y EQUIPO AEREO 
158845,FLOTA Y EQUIPO FERREO 
158850,PLANTAS Y REDES 
158855,ARMAMENTO DE VIGILANCIA 
158860,SEMOVIENTES 
158865,ENVASES Y EMPAQUES 
158899,AJUSTES POR INFLACION 
1592,DEPRECIACION ACUMULADA 
159205,CONSTRUCCIONES Y EDIFICACIONES 
159210,MAQUINARIA Y EQUIPO 
159215,EQUIPO DE OFICINA 
159220,EQUIPO DE COMPUTACION Y COMUNICACION 
159225,EQUIPO MEDICO CIENTIFICO 
159230,EQUIPO DE HOTELES Y RESTAURANTES 
159235,FLOTA Y EQUIPO DE TRANSPORTE 
159240,FLOTA Y EQUIPO FLUVIAL Y/O MARITIMO 
159245,FLOTA Y EQUIPO AEREO 
159250,FLOTA Y EQUIPO FERREO 
159255,ACUEDUCTOS PLANTAS Y REDES 
159260,ARMAMENTO DE VIGILANCIA 
159265,ENVASES Y EMPAQUES 
159299,AJUSTES POR INFLACION 
1596,DEPRECIACION DIFERIDA 
159605,EXCESO FISCAL SOBRE LA CONTABLE 
159610,DEFECTO FISCAL SOBRE LA CONTABLE (CR) 
159699,AJUSTES POR INFLACION 
1597,AMORTIZACION ACUMULADA 
159705,PLANTACIONES AGRICOLAS Y FORESTALES 
159710,VIAS DE COMUNICACION 
159715,SEMOVIENTES 
159799,AJUSTES POR INFLACION 
1598,AGOTAMIENTO ACUMULADO 
159805,MINAS Y CANTERAS 
159815,POZOS ARTESIANOS 
159820,YACIMIENTOS 
159899,AJUSTES POR INFLACION 
1599,PROVISIONES 
159904,TERRENOS 
159906,MATERIALES PROYECTOS PETROLEROS 
159908,CONSTRUCCIONES EN CURSO 
159912,MAQUINARIA EN MONTAJE 
159916,CONSTRUCCIONES Y EDIFICACIONES 
159920,MAQUINARIA Y EQUIPO 
159924,EQUIPO DE OFICINA 
159928,EQUIPO DE COMPUTACION Y COMUNICACION 
159932,EQUIPO MEDICO CIENTIFICO 
159936,EQUIPO DE HOTELES Y RESTAURANTES 
159940,FLOTA Y EQUIPO DE TRANSPORTE 
159944,FLOTA Y EQUIPO FLUVIAL Y/O MARITIMO 
159948,FLOTA Y EQUIPO AEREO 
159952,FLOTA Y EQUIPO FERREO 
159956,ACUEDUCTOS, PLANTAS Y REDES 
159960,ARMAMENTO DE VIGILANCIA 
159962,ENVASES Y EMPAQUES 
159964,PLANTACIONES AGRICOLAS Y FORESTALES 
159968,VIAS DE COMUNICACION 
159972,MINAS Y CANTERAS 
159980,POZOS ARTESIANOS 
159984,YACIMIENTOS 
159988,SEMOVIENTES 
159992,PROPIEDADES PLANTA Y EQUIPO EN TRANSITO 
16,INTANGIBLES 
1605,CREDITO MERCANTIL 
160505,FORMADO O ESTIMADO 
160510,ADQUIRIDO O COMPRADO 
160599,AJUSTES POR INFLACION 
1610,MARCAS 
161005,ADQUIRIDAS 
161010,FORMADAS 
161099,AJUSTES POR INFLACION 
1615,PATENTES 
161505,ADQUIRIDAS 
161510,FORMADAS 
161599,AJUSTES POR INFLACION 
1620,CONCESIONES Y FRANQUICIAS 
162005,CONCESIONES 
162010,FRANQUICIAS 
162099,AJUSTES POR INFLACION 
1625,DERECHOS 
162505,DERECHOS DE AUTOR 
162510,PUESTO DE BOLSA 
162515,EN FIDEICOMISOS INMOBILIARIOS 
162520,EN FIDEICOMISOS DE GARANTIA 
162525,EN FIDEICOMISOS DE ADMINISTRACION 
162595,OTROS 
162599,AJUSTES POR INFLACION 
1630,KNOW HOW 
163001 a 163098 ,
163099,AJUSTES POR INFLACION 
1635,LICENCIAS 
163501 a 163598 ,
163599,AJUSTES POR INFLACION 
1698,AMORTIZACION ACUMULADA 
169805,CREDITO MERCANTIL 
169810,MARCAS 
169815,PATENTES 
169820,CONCESIONES Y FRANQUICIAS 
169830,DERECHOS 
169835,KNOW HOW 
169840,LICENCIAS 
169899,AJUSTES POR INFLACION 
1699,PROVISIONES 
169901 a 169998 ,
17,DIFERIDOS 
1705,GASTOS PAGADOS POR ANTICIPADO 
170505,INTERESES 
170510,HONORARIOS 
170515,COMISIONES 
170520,SEGUROS Y FIANZAS 
170525,ARRENDAMIENTOS 
170530,BODEGAJES 
170535,MANTENIMIENTO EQUIPOS 
170540,SERVICIOS 
170545,SUSCRIPCIONES 
170595,OTROS 
1710,CARGOS DIFERIDOS 
171004,ORGANIZACION Y PREOPERATIVOS 
171008,REMODELACIONES 
171012,ESTUDIOS, INVESTIGACIONES Y PROYECTOS 
171016,PROGRAMAS PARA COMPUTADOR (SOFTWARE) 
171020,UTILES Y PAPELERIA 
171024,MEJORAS A PROPIEDADES AJENAS 
171028,CONTRIBUCIONES Y AFILIACIONES 
171032,ENTRENAMIENTO DE PERSONAL 
171036,FERIAS Y EXPOSICIONES 
171040,LICENCIAS 
171044,PUBLICIDAD, PROPAGANDA Y AVISOS 
171048,ELEMENTOS DE ASEO Y CAFETERIA 
171052,MOLDES Y TROQUELES 
171056,INSTRUMENTAL QUIRURGICO 
171060,DOTACION Y SUMINISTRO A TRABAJADORES 
171064,ELEMENTOS DE ROPERIA Y LENCERIA 
171068,LOZA Y CRISTALERIA 
171072,DESCUENTO EN COLOCACION DE BONOS 
"171076,""IMPUESTO DE RENTA DIFERIDO """"DEBITOS"""" POR DIFERENCIAS TEMPORALES """
171080,CONCURSOS Y LICITACIONES 
171095,OTROS 
171099,AJUSTES POR INFLACION 
1715,COSTOS DE EXPLORACION POR AMORTIZAR 
171505,POZOS SECOS 
171510,POZOS NO COMERCIALES 
171515,OTROS COSTOS DE EXPLORACION 
171599,AJUSTES POR INFLACION 
1720,COSTOS DE EXPLOTACION Y DESARROLLO 
172005,PERFORACION Y EXPLOTACION 
172010,PERFORACIONES CAMPOS EN DESARROLLO 
172015,FACILIDADES DE PRODUCCION 
172020,SERVICIO A POZOS 
172099,AJUSTES POR INFLACION 
1730,CARGOS POR CORRECCION MONETARIA DIFERIDA 
173001 a 173098 ,
1798,AMORTIZACION ACUMULADA 
179805,COSTOS DE EXPLORACION POR AMORTIZAR 
179810,COSTOS DE EXPLOTACION Y DESARROLLO 
179899,AJUSTES POR INFLACION 
18,OTROS ACTIVOS 
1805,BIENES DE ARTE Y CULTURA 
180505,OBRAS DE ARTE 
180510,BIBLIOTECAS 
180595,OTROS 
180599,AJUSTES POR INFLACION 
1895,DIVERSOS 
189505,MAQUINAS PORTEADORAS 
189510,BIENES ENTREGADOS EN COMODATO 
189515,AMORTIZACION ACUMULADA DE BIENES ENTREGADOS EN COMODATO (CR) 
189520,BIENES RECIBIDOS EN PAGO 
189525,DERECHOS SUCESORALES 
189530,ESTAMPILLAS 
189595,OTROS 
189599,AJUSTES POR INFLACION 
1899,PROVISIONES 
189905,BIENES DE ARTE Y CULTURA 
189995,DIVERSOS 
19,VALORIZACIONES 
1905,DE INVERSIONES 
190505,ACCIONES 
190510,CUOTAS O PARTES DE INTERES SOCIAL 
190515,DERECHOS FIDUCIARIOS 
1910,DE PROPIEDADES PLANTA Y EQUIPO 
191004,TERRENOS 
191006,MATERIALES PROYECTOS PETROLEROS 
191008,CONSTRUCCIONES Y EDIFICACIONES 
191012,MAQUINARIA Y EQUIPO 
191016,EQUIPO DE OFICINA 
191020,EQUIPO DE COMPUTACION Y COMUNICACION 
191024,EQUIPO MEDICO CIENTIFICO 
191028,EQUIPO DE HOTELES Y RESTAURANTES 
191032,FLOTA Y EQUIPO DE TRANSPORTE 
191036,FLOTA Y EQUIPO FLUVIAL Y/O MARITIMO 
191040,FLOTA Y EQUIPO AEREO 
191044,FLOTA Y EQUIPO FERREO 
191048,ACUEDUCTOS PLANTAS Y REDES 
191052,ARMAMENTO DE VIGILANCIA 
191056,ENVASES Y EMPAQUES 
191060,PLANTACIONES AGRICOLAS Y FORESTALES 
191064,VIAS DE COMUNICACION 
191068,MINAS Y CANTERAS 
191072,POZOS ARTESIANOS 
191076,YACIMIENTOS 
191080,SEMOVIENTES 
1995,DE OTROS ACTIVOS 
199505,BIENES DE ARTE Y CULTURA 
199510,BIENES ENTREGADOS EN COMODATO 
199515,BIENES RECIBIDOS EN PAGO 
199520,INVENTARIO DE SEMOVIENTES 
2,PASIVO 
21,OBLIGACIONES FINANCIERAS 
2105,BANCOS NACIONALES 
210505,SOBREGIROS 
210510,PAGARES 
210515,CARTAS DE CREDITO 
210520,ACEPTACIONES BANCARIAS 
2110,BANCOS DEL EXTERIOR 
211005,SOBREGIROS 
211010,PAGARES 
211015,CARTAS DE CREDITO 
211020,ACEPTACIONES BANCARIAS 
2115,CORPORACIONES FINANCIERAS 
211505,PAGARES 
211510,ACEPTACIONES FINANCIERAS 
211515,CARTAS DE CREDITO 
2120,COMPAÑIAS DE FINANCIAMIENTO COMERCIAL 
212005,PAGARES 
212010,ACEPTACIONES FINANCIERAS 
2125,CORPORACIONES DE AHORRO Y VIVIENDA 
212505,SOBREGIROS 
212510,PAGARES 
212515,HIPOTECARIAS 
2130,ENTIDADES FINANCIERAS DEL EXTERIOR 
213001 a 213098 ,
2135,COMPROMISOS DE RECOMPRA DE INVERSIONES NEGOCIADAS 
213505,ACCIONES 
213510,CUOTAS O PARTES DE INTERES SOCIAL 
213515,BONOS 
213520,CEDULAS 
213525,CERTIFICADOS 
213530,PAPELES COMERCIALES 
213535,TITULOS 
213540,ACEPTACIONES BANCARIAS O FINANCIERAS 
213595,OTROS 
2140,COMPROMISOS DE RECOMPRA DE CARTERA NEGOCIADA 
214001 a 214098 ,
2145,OBLIGACIONES GUBERNAMENTALES 
214505,GOBIERNO NACIONAL 
214510,ENTIDADES OFICIALES 
2195,OTRAS OBLIGACIONES 
219505,PARTICULARES 
219510,COMPAÑIAS VINCULADAS 
219515,CASA MATRIZ 
219520,SOCIOS O ACCIONISTAS 
219525,FONDOS Y COOPERATIVAS 
219595,OTRAS 
22,PROVEEDORES 
2205,NACIONALES 
220501 a 220598 ,
2210,DEL EXTERIOR 
221001 a 221098 ,
2215,CUENTAS CORRIENTES COMERCIALES 
221501 a 221598 ,
2220,CASA MATRIZ 
222001 a 222098 ,
2225,COMPAÑIAS VINCULADAS 
222501 a 222598 ,
23,CUENTAS POR PAGAR 
2305,CUENTAS CORRIENTES COMERCIALES 
230501 a 230598 ,
2310,A CASA MATRIZ 
231001 a 231098 ,
2315,A COMPAÑIAS VINCULADAS 
231501 a 231598 ,
2320,A CONTRATISTAS 
232001 a 232098 ,
2330,ORDENES DE COMPRA POR UTILIZAR 
233001 a 233098 ,
2335,COSTOS Y GASTOS POR PAGAR 
233505,GASTOS FINANCIEROS 
233510,GASTOS LEGALES 
233515,LIBROS, SUSCRIPCIONES, PERIODICOS Y REVISTAS 
233520,COMISIONES 
233525,HONORARIOS 
233530,SERVICIOS TECNICOS 
233535,SERVICIOS DE MANTENIMIENTO 
233540,ARRENDAMIENTOS 
233545,TRANSPORTES, FLETES Y ACARREOS 
233550,SERVICIOS PUBLICOS 
233555,SEGUROS 
233560,GASTOS DE VIAJE 
233565,GASTOS DE REPRESENTACION Y RELACIONES PUBLICAS 
233570,SERVICIOS ADUANEROS 
233595,OTROS 
2340,INSTALAMENTOS POR PAGAR 
234001 a 234098 ,
2345,ACREEDORES OFICIALES 
234501 a 234598 ,
2350,REGALIAS POR PAGAR 
235001 a 235098 ,
2355,DEUDAS CON ACCIONISTAS O SOCIOS 
235505,ACCIONISTAS 
235510,SOCIOS 
2360,DIVIDENDOS O PARTICIPACIONES POR PAGAR 
236005,DIVIDENDOS 
236010,PARTICIPACIONES 
2365,RETENCION EN LA FUENTE 
236505,SALARIOS Y PAGOS LABORALES 
236510,DIVIDENDOS Y/O PARTICIPACIONES 
236515,HONORARIOS 
236520,COMISIONES 
236525,SERVICIOS 
236530,ARRENDAMIENTOS 
236535,RENDIMIENTOS FINANCIEROS 
236540,COMPRAS 
236545,LOTERIAS, RIFAS, APUESTAS Y SIMILARES 
236550,POR PAGOS AL EXTERIOR 
236555,POR INGRESOS OBTENIDOS EN EL EXTERIOR 
236560,ENAJENACION PROPIEDADES PLANTA Y EQUIPO PERSONAS NATURALES 
236565,POR IMPUESTO DE TIMBRE 
236570,OTRAS RETENCIONES Y PATRIMONIO 
236575,AUTORRETENCIONES 
2370,RETENCIONES Y APORTES DE NOMINA 
237005,APORTES AL I.S.S. 
237010,APORTES AL I.C.B.F., SENA Y CAJAS DE COMPENSACION 
237015,APORTES AL F.I.C. 
237025,EMBARGOS JUDICIALES 
237030,LIBRANZAS 
237035,SINDICATOS 
237040,COOPERATIVAS 
237045,FONDOS 
237095,OTROS 
2375,CUOTAS POR DEVOLVER 
237501 a 237598 ,
2380,ACREEDORES VARIOS 
238005,DEPOSITARIOS 
238010,COMISIONISTAS DE BOLSAS 
238015,SOCIEDAD ADMINISTRADORA - FONDOS DE INVERSION 
238020,REINTEGROS POR PAGAR 
238025,FONDO DE PERSEVERANCIA 
238030,FONDOS DE CESANTIAS Y/O PENSIONES 
238035,DONACIONES ASIGNADAS POR PAGAR 
238095,OTROS 
24,IMPUESTOS, GRAVAMENES Y TASAS 
2404,DE RENTA Y COMPLEMENTARIOS 
240405,VIGENCIA FISCAL CORRIENTE 
240410,VIGENCIAS FISCALES ANTERIORES 
2408,IMPUESTO SOBRE LAS VENTAS POR PAGAR 
240801 a 240898 ,
2412,DE INDUSTRIA Y COMERCIO 
241205,VIGENCIA FISCAL CORRIENTE 
241210,VIGENCIAS FISCALES ANTERIORES 
2416,A LA PROPIEDAD RAIZ 
241601 a 241698 ,
2420,DERECHOS SOBRE INSTRUMENTOS PUBLICOS 
242001 a 242098 ,
2424,DE VALORIZACION 
242405,VIGENCIA FISCAL CORRIENTE 
242410,VIGENCIAS FISCALES ANTERIORES 
2428,DE TURISMO 
242801 a 242898 ,
2432,TASA POR UTILIZACION DE PUERTOS 
243201 a 243298 ,
2436,DE VEHICULOS 
243605,VIGENCIA FISCAL CORRIENTE 
243610,VIGENCIAS FISCALES ANTERIORES 
2440,DE ESPECTACULOS PUBLICOS 
244001 a 244098 ,
2444,DE HIDROCARBUROS Y MINAS 
244405,DE HIDROCARBUROS 
244410,DE MINAS 
2448,REGALIAS E IMPUESTOS A LA PEQUEÑA Y MEDIANA MINERIA 
244801 a 244898 ,
2452,A LAS EXPORTACIONES CAFETERAS 
245201 a 245298 ,
2456,A LAS IMPORTACIONES 
245601 a 245698 ,
2460,CUOTAS DE FOMENTO 
246001 a 246098 ,
2464,DE LICORES, CERVEZAS Y CIGARRILLOS 
246405,DE LICORES 
246410,DE CERVEZAS 
246415,DE CIGARRILLOS 
2468,AL SACRIFICIO DE GANADO 
246801 a 246898 ,
2472,AL AZAR Y JUEGOS 
247201 a 247298 ,
2476,GRAVAMENES Y REGALIAS POR UTILIZACION DEL SUELO 
247601 a 247698 ,
2495,OTROS 
249501 a 249598 ,
25,OBLIGACIONES LABORALES 
2505,SALARIOS POR PAGAR 
250501 a 250598 ,
2510,CESANTIAS CONSOLIDADAS 
251005,LEY LABORAL ANTERIOR 
251010,LEY 50 DE 1990 Y NORMAS POSTERIORES 
2515,INTERESES SOBRE CESANTIAS 
251501 a 251598 ,
2520,PRIMA DE SERVICIOS 
252001 a 252098 ,
2525,VACACIONES CONSOLIDADAS 
252501 a 252598 ,
2530,PRESTACIONES EXTRALEGALES 
253005,PRIMAS 
253010,AUXILIOS 
253015,DOTACION Y SUMINISTRO A TRABAJADORES 
253020,BONIFICACIONES 
253025,SEGUROS 
253095,OTRAS 
2532,PENSIONES POR PAGAR 
253201 a 253298 ,
2535,CUOTAS PARTES PENSIONES DE JUBILACION 
253501 a 253598 ,
2540,INDEMNIZACIONES LABORALES 
254001 a 244098 ,
26,PASIVOS ESTIMADOS Y PROVISIONES 
2605,PARA COSTOS Y GASTOS 
260505,INTERESES 
260510,COMISIONES 
260515,HONORARIOS 
260520,SERVICIOS TECNICOS 
260525,TRANSPORTES, FLETES Y ACARREOS 
260530,GASTOS DE VIAJE 
260535,SERVICIOS PUBLICOS 
260540,REGALIAS 
260545,GARANTIAS 
260550,MATERIALES Y REPUESTOS 
260595,OTROS 
2610,PARA OBLIGACIONES LABORALES 
261005,CESANTIAS 
261010,INTERESES SOBRE CESANTIAS 
261015,VACACIONES 
261020,PRIMA DE SERVICIOS 
261025,PRESTACIONES EXTRALEGALES 
261030,VIATICOS 
261095,OTRAS 
2615,PARA OBLIGACIONES FISCALES 
261505,DE RENTA Y COMPLEMENTARIOS 
261510,DE INDUSTRIA Y COMERCIO 
261515,TASA POR UTILIZACION DE PUERTOS 
261520,DE VEHICULOS 
261525,DE HIDROCARBUROS Y MINAS 
261595,OTROS 
2620,PENSIONES DE JUBILACION 
262005,CALCULO ACTUARIAL PENSIONES DE JUBILACION 
262010,PENSIONES DE JUBILACION POR AMORTIZAR (DB) 
2625,PARA OBRAS DE URBANISMO 
262505,ACUEDUCTO Y ALCANTARILLADO 
262510,ENERGIA ELECTRICA 
262515,TELEFONOS 
262595,OTROS 
2630,PARA MANTENIMIENTO Y REPARACIONES 
263005,TERRENOS 
263010,CONSTRUCCIONES Y EDIFICACIONES 
263015,MAQUINARIA Y EQUIPO 
263020,EQUIPO DE OFICINA 
263025,EQUIPO DE COMPUTACION Y COMUNICACION 
263030,EQUIPO MEDICO - CIENTIFICO 
263035,EQUIPO DE HOTELES Y RESTAURANTES 
263040,FLOTA Y EQUIPO DE TRANSPORTE 
263045,FLOTA Y EQUIPO FLUVIAL Y/O MARITIMO 
263050,FLOTA Y EQUIPO AEREO 
263055,FLOTA Y EQUIPO FERREO 
263060,ACUEDUCTOS PLANTAS Y REDES 
263065,ARMAMENTO DE VIGILANCIA 
263070,ENVASES Y EMPAQUES 
263075,PLANTACIONES AGRICOLAS Y FORESTALES 
263080,VIAS DE CUMUNICACION 
263085,POZOS ARTESIANOS 
263095,OTROS 
2635,PARA CONTINGENCIAS 
263505,MULTAS Y SANCIONES AUTORIDADES ADMINISTRATIVAS 
263510,INTERESES POR MULTAS Y SANCIONES 
263515,RECLAMOS 
263520,LABORALES 
263525,CIVILES 
263530,PENALES 
263535,ADMINISTRATIVOS 
263540,COMERCIALES 
263595,OTRAS 
2640,PARA OBLIGACIONES DE GARANTIAS 
264001 a 264098 ,
2695,PROVISIONES DIVERSAS 
269505,PARA BENEFICENCIA 
269510,PARA COMUNICACIONES 
269515,PARA PERDIDA EN TRANSPORTE 
269520,PARA OPERACION 
269525,PARA PROTECCION DE BIENES AGOTABLES 
269530,PARA AJUSTES EN REDENCION DE UNIDADES 
269535,AUTOSEGURO 
269540,PLANES Y PROGRAMAS DE REFORESTACION Y ELECTRIFICACION 
269595,OTRAS 
27,DIFERIDOS 
2705,INGRESOS RECIBIDOS POR ANTICIPADO 
270505,INTERESES 
270510,COMISIONES 
270515,ARRENDAMIENTOS 
270520,HONORARIOS 
270525,SERVICIOS TECNICOS 
270530,DE SUSCRIPTORES 
270535,TRANSPORTES, FLETES Y ACARREOS 
270540,MERCANCIA EN TRANSITO YA VENDIDA 
270545,MATRICULAS Y PENSIONES 
270550,CUOTAS DE ADMINISTRACION 
270595,OTROS 
2710,ABONOS DIFERIDOS 
271005,REAJUSTE DEL SISTEMA 
2715,UTILIDAD DIFERIDA EN VENTAS A PLAZOS 
271501 a 271598 ,
2720,CREDITO POR CORRECCION MONETARIA DIFERIDA 
272001 a 272098 ,
2725,IMPUESTOS DIFERIDOS 
272505,POR DEPRECIACION FLEXIBLE 
272595,DIVERSOS 
272599,AJUSTES POR INFLACION 
28,OTROS PASIVOS 
2805,ANTICIPOS Y AVANCES RECIBIDOS 
280505,DE CLIENTES 
280510,SOBRE CONTRATOS 
280515,PARA OBRAS EN PROCESO 
280595,OTROS 
2810,DEPOSITOS RECIBIDOS 
281005,PARA FUTURA SUSCRIPCION DE ACCIONES 
281010,PARA FUTURO PAGO DE CUOTAS O DERECHOS SOCIALES 
281015,PARA GARANTIA EN LA PRESTACION DE SERVICIOS 
281020,PARA GARANTIA DE CONTRATOS 
281025,DE LICITACIONES 
281030,DE MANEJO DE BIENES 
281035,FONDO DE RESERVA 
281095,OTROS 
2815,INGRESOS RECIBIDOS PARA TERCEROS 
281505,VALORES RECIBIDOS PARA TERCEROS 
281510,VENTA POR CUENTA DE TERCEROS 
2820,CUENTAS DE OPERACION CONJUNTA 
282001 a 282098 ,
2825,RETENCIONES A TERCEROS SOBRE CONTRATOS 
282505,CUMPLIMIENTO OBLIGACIONES LABORALES 
282510,PARA ESTABILIDAD DE OBRA 
282515,GARANTIA CUMPLIMIENTO DE CONTRATOS 
2830,EMBARGOS JUDICIALES 
283005,INDEMNIZACIONES 
283010,DEPOSITOS JUDICIALES 
2835,ACREEDORES DEL SISTEMA 
283505,CUOTAS NETAS 
283510,GRUPOS EN FORMACION 
2840,CUENTAS EN PARTICIPACION 
284001 a 284098 ,
2895,DIVERSOS 
289505,PRESTAMOS DE PRODUCTOS 
289510,REEMBOLSO DE COSTOS EXPLORATORIOS 
289515,PROGRAMA DE EXTENSION AGROPECUARIA 
29,BONOS Y PAPELES COMERCIALES 
2905,BONOS EN CIRCULACION 
290505,GARANTIA GENERAL 
290510,GARANTIA ESPECIFICA 
2910,BONOS OBLIGATORIAMENTE CONVERTIBLES EN ACCIONES 
291001 a 291098 ,
2915,PAPELES COMERCIALES 
291501 a 291598 ,
3,PATRIMONIO 
31,CAPITAL SOCIAL 
3105,CAPITAL SUSCRITO Y PAGADO 
310505,CAPITAL AUTORIZADO 
310510,CAPITAL POR SUSCRIBIR (DB) 
310515,CAPITAL SUSCRITO POR COBRAR (DB) 
3110,ACCIONES, CUOTAS O PARTES DE INTERES SOCIAL PROPIAS READQUIRIDAS (DB) 
311005,ACCIONES PROPIAS READQUIRIDAS (DB) 
311010,CUOTAS O PARTES DE INTERES SOCIAL PROPIAS READQUIRIDAS (DB) 
3115,APORTES SOCIALES 
311505,CUOTAS O PARTES DE INTERES SOCIAL 
311510,APORTES DE SOCIOS - FONDO MUTUO DE INVERSION 
311515,CONTRIBUCION DE LA EMPRESA - FONDO MUTUO DE INVERSION 
311520,SUSCRIPCIONES DEL PUBLICO 
3120,CAPITAL ASIGNADO 
312001 a 312098 ,
3125,INVERSION SUPLEMENTARIA AL CAPITAL ASIGNADO 
312501 a 312598 ,
3130,CAPITAL DE PERSONAS NATURALES 
313001 a 313098 ,
3135,APORTES DEL ESTADO 
313501 a 313598 ,
3140,FONDO SOCIAL 
314001 a 314098 ,
32,SUPERAVIT DE CAPITAL 
3205,PRIMA EN COLOCACION DE ACCIONES, CUOTAS O PARTES DE INTERES SOCIAL 
320505,PRIMA EN COLOCACION DE ACCIONES 
320510,PRIMA EN COLOCACION DE ACCIONES POR COBRAR (DB) 
320515,PRIMA EN COLOCACION DE CUOTAS O PARTES DE INTERES SOCIAL 
3210,DONACIONES 
321005,EN DINERO 
321010,EN VALORES MOBILIARIOS 
321015,EN BIENES MUEBLES 
321020,EN BIENES INMUEBLES 
321025,EN INTANGIBLES 
3215,CREDITO MERCANTIL 
321501 a 321598 ,
33,RESERVAS 
3305,RESERVAS OBLIGATORIAS 
330505,RESERVA LEGAL 
330510,RESERVAS POR DISPOSICIONES FISCALES 
330515,RESERVA PARA READQUISICION DE ACCIONES 
330517,RESERVA PARA READQUISICION DE CUOTAS O PARTES DE INTERES SOCIAL 
330520,RESERVA PARA EXTENSION AGROPECUARIA 
330525,RESERVA LEY 7a. DE 1990 
330530,RESERVA PARA REPOSICION DE SEMOVIENTES 
330535,RESERVA LEY 4a DE 1980 
330595,OTRAS 
3310,RESERVAS ESTATUTARIAS 
331005,PARA FUTURAS CAPITALIZACIONES 
331010,PARA REPOSICION DE ACTIVOS 
331015,PARA FUTUROS ENSANCHES 
331095,OTRAS 
3315,RESERVAS OCASIONALES 
331505,PARA BENEFICENCIA Y CIVISMO 
331510,PARA FUTURAS CAPITALIZACIONES 
331515,PARA FUTUROS ENSANCHES 
331520,PARA ADQUISICION O REPOSICION DE PROPIEDADES PLANTA Y EQUIPO 
331525,PARA INVESTIGACIONES Y DESARROLLO 
331530,PARA FOMENTO ECONOMICO 
331535,PARA CAPITAL DE TRABAJO 
331540,PARA ESTABILIZACION DE RENDIMIENTOS 
331545,A DISPOSICION DEL MAXIMO ORGANO SOCIAL 
331595,OTRAS 
34,REVALORIZACION DEL PATRIMONIO 
3405,AJUSTES POR INFLACION 
340505,DE CAPITAL SOCIAL 
340510,DE SUPERAVIT DE CAPITAL 
340515,DE RESERVAS 
340520,DE RESULTADOS DE EJERCICIOS ANTERIORES 
340525,DE ACTIVOS EN PERIODO IMPRODUCTIVO 
3410,SANEAMIENTO FISCAL 
341001 a 341098 ,
3415,AJUSTES POR INFLACION DECRETO 3019 DE 1989 
341501 a 341598 ,
35,DIVIDENDOS O PARTICIPACIONES DECRETADOS EN ACCIONES, CUOTAS O PARTES DE INTERES SOCIAL 
3505,DIVIDENDOS DECRETADOS EN ACCIONES 
350501 a 350598 ,
3510,PARTICIPACIONES DECRETADAS EN CUOTAS O PARTES DE INTERES SOCIAL 
351001 a 351098 ,
36,RESULTADOS DEL EJERCICIO 
3605,UTILIDAD DEL EJERCICIO 
360505,UTILIDAD DEL EJERCICIO 
360510,UTILIDAD POR EXPOSICION A LA INFLACION 
3610,PERDIDA DEL EJERCICIO 
361005,PERDIDA DEL EJERCICIO 
361010,PERDIDA POR EXPOSICION A LA INFLACION 
37,RESULTADOS DE EJERCICIOS ANTERIORES 
3705,UTILIDADES O EXCEDENTES ACUMULADOS 
370501 a 370598 ,
3710,PERDIDAS ACUMULADAS 
371001 a 371098 ,
38,SUPERAVIT POR VALORIZACIONES 
3805,DE INVERSIONES 
380505,ACCIONES 
380510,CUOTAS O PARTES DE INTERES SOCIAL 
380515,DERECHOS FIDUCIARIOS 
3810,DE PROPIEDADES PLANTA Y EQUIPO 
381004,TERRENOS 
381006,MATERIALES PROYECTOS PETROLEROS 
381008,CONSTRUCCIONES Y EDIFICACIONES 
381012,MAQUINARIA Y EQUIPO 
381016,EQUIPO DE OFICINA 
381020,EQUIPO DE COMPUTACION Y COMUNICACION 
381024,EQUIPO MEDICO CIENTIFICO 
381028,EQUIPO DE HOTELES Y RESTAURANTES 
381032,FLOTA Y EQUIPO DE TRANSPORTE 
381036,FLOTA Y EQUIPO FLUVIAL Y/O MARITIMO 
381040,FLOTA Y EQUIPO AEREO 
381044,FLOTA Y EQUIPO FERREO 
381048,ACUEDUCTOS PLANTAS Y REDES 
381052,ARMAMENTO DE VIGILANCIA 
381056,ENVASES Y EMPAQUES 
381060,PLANTACIONES AGRICOLAS Y FORESTALES 
381064,VIAS DE COMUNICACION 
381068,MINAS Y CANTERAS 
381072,POZOS ARTESIANOS 
381076,YACIMIENTOS 
381080,SEMOVIENTES 
3895,DE OTROS ACTIVOS 
389505,BIENES DE ARTE Y CULTURA 
389510,BIENES ENTREGADOS EN COMODATO 
389515,BIENES RECIBIDOS EN PAGO 
389520,INVENTARIO DE SEMOVIENTES 
4,INGRESOS 
41,OPERACIONALES 
4105,AGRICULTURA, GANADERIA, CAZA Y SILVICULTURA 
410505,CULTIVO DE CEREALES 
410510,CULTIVOS DE HORTALIZAS, LEGUMBRES Y PLANTAS ORNAMENTALES 
410515,CULTIVOS DE FRUTAS, NUECES Y PLANTAS AROMATICAS 
410520,CULTIVO DE CAFE 
410525,CULTIVO DE FLORES 
410530,CULTIVO DE CAÑA DE AZUCAR 
410535,CULTIVO DE ALGODON Y PLANTAS PARA MATERIAL TEXTIL 
410540,CULTIVO DE BANANO 
410545,OTROS CULTIVOS AGRICOLAS 
410550,CRIA DE OVEJAS, CABRAS, ASNOS, MULAS Y BURDEGANOS 
410555,CRIA DE GANADO CABALLAR Y VACUNO. 
410560,PRODUCCION AVICOLA 
410565,CRIA DE OTROS ANIMALES 
410570,SERVICIOS AGRICOLAS Y GANADEROS 
410575,ACTIVIDAD DE CAZA 
410580,ACTIVIDAD DE SILVICULTURA 
410599,AJUSTES POR INFLACION 
4110,PESCA 
411005,ACTIVIDAD DE PESCA 
411010,EXPLOTACION DE CRIADEROS DE PECES 
411095,ACTIVIDADES CONEXAS 
411099,AJUSTES POR INFLACION 
4115,EXPLOTACION DE MINAS Y CANTERAS 
411505,CARBON 
411510,PETROLEO CRUDO 
411512,GAS NATURAL 
411514,SERVICIOS RELACIONADOS CON EXTRACCION DE PETROLEO Y GAS 
411515,MINERALES DE HIERRO 
411520,MINERALES METALIFEROS NO FERROSOS 
411525,PIEDRA, ARENA Y ARCILLA 
411527,PIEDRAS PRECIOSAS 
411528,ORO 
411530,OTRAS MINAS Y CANTERAS 
411532,PRESTACION DE SERVICIOS SECTOR MINERO 
411595,ACTIVIDADES CONEXAS 
411599,AJUSTES POR INFLACION 
4120,INDUSTRIAS MANUFACTURERAS 
412001,PRODUCCION Y PROCESAMIENTO DE CARNES Y PRODUCTOS CARNICOS 
412002,PRODUCTOS DE PESCADO 
412003,PRODUCTOS DE FRUTAS, LEGUMBRES Y HORTALIZAS 
412004,ELABORACION DE ACEITES Y GRASAS 
412005,ELABORACION DE PRODUCTOS LACTEOS 
412006,ELABORACION DE PRODUCTOS DE MOLINERIA 
412007,ELABORACION DE ALMIDONES Y DERIVADOS 
412008,ELABORACION DE ALIMENTOS PARA ANIMALES 
412009,ELABORACION DE PRODUCTOS PARA PANADERIA 
412010,ELABORACION DE AZUCAR Y MELAZAS 
412011,ELABORACION DE CACAO, CHOCOLATE Y CONFITERIA 
412012,ELABORACION DE PASTAS Y PRODUCTOS FARINACEOS 
412013,ELABORACION DE PRODUCTOS DE CAFE 
412014,ELABORACION DE OTROS PRODUCTOS ALIMENTICIOS 
412015,ELABORACION DE BEBIDAS ALCOHOLICAS Y ALCOHOL ETILICO 
412016,ELABORACION DE VINOS 
412017,ELABORACION DE BEBIDAS MALTEADAS Y DE MALTA 
412018,ELABORACION DE BEBIDAS NO ALCOHOLICAS 
412019,ELABORACION DE PRODUCTOS DE TABACO 
412020,PREPARACION E HILATURA DE FIBRAS TEXTILES Y TEJEDURIA 
412021,ACABADO DE PRODUCTOS TEXTILES 
412022,ELABORACION DE ARTICULOS DE MATERIALES TEXTILES 
412023,ELABORACION DE TAPICES Y ALFOMBRAS 
412024,ELABORACION DE CUERDAS, CORDELES, BRAMANTES Y REDES 
412025,ELABORACION DE OTROS PRODUCTOS TEXTILES 
412026,ELABORACION DE TEJIDOS 
412027,ELABORACION DE PRENDAS DE VESTIR 
412028,PREPARACION, ADOBO Y TEÑIDO DE PIELES 
412029,CURTIDO, ADOBO O PREPARACION DE CUERO 
412030,ELABORACION DE MALETAS, BOLSOS Y SIMILARES 
412031,ELABORACION DE CALZADO 
412032,PRODUCCION DE MADERA, ARTICULOS DE MADERA Y CORCHO 
412033,ELABORACION DE PASTA Y PRODUCTOS DE MADERA, PAPEL Y CARTON 
412034,EDICIONES Y PUBLICACIONES 
412035,IMPRESION 
412036,SERVICIOS RELACIONADOS CON LA EDICION Y LA IMPRESION 
412037,REPRODUCCION DE GRABACIONES 
412038,ELABORACION DE PRODUCTOS DE HORNO DE COQUE 
412039,ELABORACION DE PRODUCTOS DE LA REFINACION DE PETROLEO 
412040,ELABORACION DE SUSTANCIAS QUIMICAS BASICAS 
412041,ELABORACION DE ABONOS Y COMPUESTOS DE NITROGENO 
412042,ELABORACION DE PLASTICO Y CAUCHO SINTETICO 
412043,ELABORACION DE PRODUCTOS QUIMICOS DE USO AGROPECUARIO 
412044,ELABORACION DE PINTURAS, TINTAS Y MASILLAS 
412045,ELABORACION DE PRODUCTOS FARMACEUTICOS Y BOTANICOS 
412046,ELABORACION DE JABONES, DETERGENTES Y PREPARADOS DE TOCADOR 
412047,ELABORACION DE OTROS PRODUCTOS QUIMICOS 
412048,ELABORACION DE FIBRAS 
412049,ELABORACION DE OTROS PRODUCTOS DE CAUCHO 
412050,ELABORACION DE PRODUCTOS DE PLASTICO 
412051,ELABORACION DE VIDRIO Y PRODUCTOS DE VIDRIO 
412052,ELABORACION DE PRODUCTOS DE CERAMICA, LOZA, PIEDRA, ARCILLA Y PORCELANA 
412053,ELABORACION DE CEMENTO, CAL Y YESO 
412054,ELABORACION DE ARTICULOS DE HORMIGON, CEMENTO Y YESO 
412055,CORTE, TALLADO Y ACABADO DE LA PIEDRA 
412056,ELABORACION DE OTROS PRODUCTOS MINERALES NO METALICOS 
412057,INDUSTRIAS BASICAS Y FUNDICION DE HIERRO Y ACERO 
412058,PRODUCTOS PRIMARIOS DE METALES PRECIOSOS Y DE METALES NO FERROSOS 
412059,FUNDICION DE METALES NO FERROSOS 
412060,FABRICACION DE PRODUCTOS METALICOS PARA USO ESTRUCTURAL 
412061,FORJA, PRENSADO, ESTAMPADO, LAMINADO DE METAL Y PULVIMETALURGIA 
412062,REVESTIMIENTO DE METALES Y OBRAS DE INGENIERIA MECANICA 
412063,FABRICACION DE ARTICULOS DE FERRETERIA 
412064,ELABORACION DE OTROS PRODUCTOS DE METAL 
412065,FABRICACION DE MAQUINARIA Y EQUIPO 
412066,FABRICACION DE EQUIPOS DE ELEVACION Y MANIPULACION 
412067,ELABORACION DE APARATOS DE USO DOMESTICO 
412068,ELABORACION DE EQUIPO DE OFICINA 
412069,ELABORACION DE PILAS Y BATERIAS PRIMARIAS 
412070,ELABORACION DE EQUIPO DE ILUMINACION 
412071,ELABORACION DE OTROS TIPOS DE EQUIPO ELECTRICO 
412072,FABRICACION DE EQUIPOS DE RADIO, TELEVISION Y COMUNICACIONES 
412073,FABRICACION DE APARATOS E INSTRUMENTOS MEDICOS 
412074,FABRICACION DE INSTRUMENTOS DE MEDICION Y CONTROL 
412075,FABRICACION DE INSTRUMENTOS DE OPTICA Y EQUIPO FOTOGRAFICO 
412076,FABRICACION DE RELOJES 
412077,FABRICACION DE VEHICULOS AUTOMOTORES 
412078,FABRICACION DE CARROCERIAS PARA AUTOMOTORES 
412079,FABRICACION DE PARTES PIEZAS Y ACCESORIOS PARA AUTOMOTORES 
412080,FABRICACION Y REPARACION DE BUQUES Y OTRAS EMBARCACIONES 
412081,FABRICACION DE LOCOMOTORAS Y MATERIAL RODANTE PARA FERROCARRILES 
412082,FABRICACION DE AERONAVES 
412083,FABRICACION DE MOTOCICLETAS 
412084,FABRICACION DE BICICLETAS Y SILLAS DE RUEDAS 
412085,FABRICACION DE OTROS TIPOS DE TRANSPORTE 
412086,FABRICACION DE MUEBLES 
412087,FABRICACION DE JOYAS Y ARTICULOS CONEXOS 
412088,FABRICACION DE INSTRUMENTOS DE MUSICA 
412089,FABRICACION DE ARTICULOS Y EQUIPO PARA DEPORTE 
412090,FABRICACION DE JUEGOS Y JUGUETES 
412091,RECICLAMIENTO DE DESPERDICIOS 
412095,PRODUCTOS DE OTRAS INDUSTRIAS MANUFACTURERAS 
412099,AJUSTES POR INFLACION 
4125,SUMINISTRO DE ELECTRICIDAD, GAS Y AGUA 
412505,GENERACION, CAPTACION Y DISTRIBUCION DE ENERGIA ELECTRICA 
412510,FABRICACION DE GAS Y DISTRIBUCION DE COMBUSTIBLES GASEOSOS 
412515,CAPTACION, DEPURACION Y DISTRIBUCION DE AGUA 
412595,ACTIVIDADES CONEXAS 
412599,AJUSTES POR INFLACION 
4130,CONSTRUCCION 
413005,PREPARACION DE TERRENOS 
413010,CONSTRUCCION DE EDIFICIOS Y OBRAS DE INGENIERIA CIVIL 
413015,ACONDICIONAMIENTO DE EDIFICIOS 
413020,TERMINACION DE EDIFICACIONES 
413025,ALQUILER DE EQUIPO CON OPERARIOS 
413095,ACTIVIDADES CONEXAS 
413099,AJUSTES POR INFLACION 
4135,COMERCIO AL POR MAYOR Y AL POR MENOR 
413502,VENTA DE VEHICULOS AUTOMOTORES 
413504,MANTENIMIENTO, REPARACION Y LAVADO DE VEHICULOS AUTOMOTORES 
413506,VENTA DE PARTES, PIEZAS Y ACCESORIOS DE VEHICULOS AUTOMOTORES 
413508,VENTA DE COMBUSTIBLES SOLIDOS, LIQUIDOS, GASEOSOS 
413510,VENTA DE LUBRICANTES, ADITIVOS, LLANTAS Y LUJOS PARA AUTOMOTORES 
413512,VENTA A CAMBIO DE RETRIBUCION O POR CONTRATA 
413514,VENTA DE INSUMOS, MATERIAS PRIMAS AGROPECUARIAS Y FLORES 
413516,VENTA DE OTROS INSUMOS Y MATERIAS PRIMAS NO AGROPECUARIAS 
413518,VENTA DE ANIMALES VIVOS Y CUEROS 
413520,VENTA DE PRODUCTOS EN ALMACENES NO ESPECIALIZADOS 
413522,VENTA DE PRODUCTOS AGROPECUARIOS 
413524,VENTA DE PRODUCTOS TEXTILES, DE VESTIR, DE CUERO Y CALZADO 
413526,VENTA DE PAPEL Y CARTON 
413528,VENTA DE LIBROS, REVISTAS, ELEMENTOS DE PAPELERIA, UTILES Y TEXTOS ESCOLARES 
413530,VENTA DE JUEGOS, JUGUETES Y ARTICULOS DEPORTIVOS 
413532,VENTA DE INSTRUMENTOS QUIRURGICOS Y ORTOPEDICOS 
413534,VENTA DE ARTICULOS EN RELOJERIAS Y JOYERIAS 
413536,VENTA DE ELECTRODOMESTICOS Y MUEBLES 
413538,VENTA DE PRODUCTOS DE ASEO, FARMACEUTICOS, MEDICINALES, Y ARTICULOS DE TOCADOR 
413540,VENTA DE CUBIERTOS, VAJILLAS, CRISTALERIA, PORCELANAS, CERAMICAS Y OTROS ARTICULOS DE USO DOMESTICO 
413542,VENTA DE MATERIALES DE CONSTRUCCION, FONTANERIA Y CALEFACCION 
413544,VENTA DE PINTURAS Y LACAS 
413546,VENTA DE PRODUCTOS DE VIDRIOS Y MARQUETERIA 
413548,VENTA DE HERRAMIENTAS Y ARTICULOS DE FERRETERIA 
413550,VENTA DE QUIMICOS 
413552,VENTA DE PRODUCTOS INTERMEDIOS, DESPERDICIOS Y DESECHOS 
413554,VENTA DE MAQUINARIA, EQUIPO DE OFICINA Y PROGRAMAS DE COMPUTADOR 
413556,VENTA DE ARTICULOS EN CACHARRERIAS Y MISCELANEAS 
413558,VENTA DE INSTRUMENTOS MUSICALES 
413560,VENTA DE ARTICULOS EN CASAS DE EMPEÑO Y PRENDERIAS 
413562,VENTA DE EQUIPO FOTOGRAFICO 
413564,VENTA DE EQUIPO OPTICO Y DE PRECISION 
413566,VENTA DE EMPAQUES 
413568,VENTA DE EQUIPO PROFESIONAL Y CIENTIFICO 
413570,VENTA DE LOTERIAS, RIFAS, CHANCE, APUESTAS Y SIMILARES 
413572,REPARACION DE EFECTOS PERSONALES Y ELECTRODOMESTICOS 
413595,VENTA DE OTROS PRODUCTOS 
413599,AJUSTES POR INFLACION 
4140,HOTELES Y RESTAURANTES 
414005,HOTELERIA 
414010,CAMPAMENTO Y OTROS TIPOS DE HOSPEDAJE 
414015,RESTAURANTES 
414020,BARES Y CANTINAS 
414095,ACTIVIDADES CONEXAS 
414099,AJUSTES POR INFLACION 
4145,TRANSPORTE, ALMACENAMIENTO Y COMUNICACIONES 
414505,SERVICIO DE TRANSPORTE POR CARRETERA 
414510,SERVICIO DE TRANSPORTE POR VIA FERREA 
414515,SERVICIO DE TRANSPORTE POR VIA ACUATICA 
414520,SERVICIO DE TRANSPORTE POR VIA AEREA 
414525,SERVICIO DE TRANSPORTE POR TUBERIAS 
414530,MANIPULACION DE CARGA 
414535,ALMACENAMIENTO Y DEPOSITO 
414540,SERVICIOS COMPLEMENTARIOS PARA EL TRANSPORTE 
414545,AGENCIAS DE VIAJE 
414550,OTRAS AGENCIAS DE TRANSPORTE 
414555,SERVICIO POSTAL Y DE CORREO 
414560,SERVICIO TELEFONICO 
414565,SERVICIO DE TELEGRAFO 
414570,SERVICIO DE TRANSMISION DE DATOS 
414575,SERVICIO DE RADIO Y TELEVISION POR CABLE 
414580,TRANSMISION DE SONIDO E IMAGENES POR CONTRATO 
414595,ACTIVIDADES CONEXAS 
414599,AJUSTES POR INFLACION 
4150,ACTIVIDAD FINANCIERA 
415005,VENTA DE INVERSIONES 
415010,DIVIDENDOS DE SOCIEDADES ANONIMAS Y/O ASIMILADAS 
415015,PARTICIPACIONES DE SOCIEDADES LIMITADAS Y/O ASIMILADAS 
415020,INTERESES 
415025,REAJUSTE MONETARIO - UPAC 
415030,COMISIONES 
415035,OPERACIONES DE DESCUENTO 
415040,CUOTAS DE INSCRIPCION - CONSORCIOS 
415045,CUOTAS DE ADMINISTRACION - CONSORCIOS 
415050,REAJUSTE DEL SISTEMA - CONSORCIOS 
415055,ELIMINACION DE SUSCRIPTORES - CONSORCIOS 
415060,CUOTAS DE INGRESO O RETIRO - SOCIEDAD ADMINISTRADORA 
415065,SERVICIOS A COMISIONISTAS 
415070,INSCRIPCIONES Y CUOTAS 
415075,RECUPERACION DE GARANTIAS 
415095,ACTIVIDADES CONEXAS 
415099,AJUSTES POR INFLACION 
4155,ACTIVIDADES INMOBILIARIAS, EMPRESARIALES Y DE ALQUILER 
415505,ARRENDAMIENTOS DE BIENES INMUEBLES 
415510,INMOBILIARIAS POR RETRIBUCION O CONTRATA 
415515,ALQUILER EQUIPO DE TRANSPORTE 
415520,ALQUILER MAQUINARIA Y EQUIPO 
415525,ALQUILER DE EFECTOS PERSONALES Y ENSERES DOMESTICOS 
415530,CONSULTORIA EN EQUIPO Y PROGRAMAS DE INFORMATICA 
415535,PROCESAMIENTO DE DATOS 
415540,MANTENIMIENTO Y REPARACION DE MAQUINARIA DE OFICINA 
415545,INVESTIGACIONES CIENTIFICAS Y DE DESARROLLO 
415550,ACTIVIDADES EMPRESARIALES DE CONSULTORIA 
415555,PUBLICIDAD 
415560,DOTACION DE PERSONAL 
415565,INVESTIGACION Y SEGURIDAD 
415570,LIMPIEZA DE INMUEBLES 
415575,FOTOGRAFIA 
415580,ENVASE Y EMPAQUE 
415585,FOTOCOPIADO 
415590,MANTENIMIENTO Y REPARACION DE MAQUINARIA Y EQUIPO 
415595,ACTIVIDADES CONEXAS 
415599,AJUSTES POR INFLACION 
4160,ENSEÑANZA 
416005,ACTIVIDADES RELACIONADAS CON LA EDUCACION 
416095,ACTIVIDADES CONEXAS 
416099,AJUSTES POR INFLACION 
4165,SERVICIOS SOCIALES Y DE SALUD 
416505,SERVICIO HOSPITALARIO 
416510,SERVICIO MEDICO 
416515,SERVICIO ODONTOLOGICO 
416520,SERVICIO DE LABORATORIO 
416525,ACTIVIDADES VETERINARIAS 
416530,ACTIVIDADES DE SERVICIOS SOCIALES 
416595,ACTIVIDADES CONEXAS 
416599,AJUSTES POR INFLACION 
4170,OTRAS ACTIVIDADES DE SERVICIOS COMUNITARIOS, SOCIALES Y PERSONALES 
417005,ELIMINACION DE DESPERDICIOS Y AGUAS RESIDUALES 
417010,ACTIVIDADES DE ASOCIACION 
417015,PRODUCCION Y DISTRIBUCION DE FILMES Y VIDEOCINTAS 
417020,EXHIBICION DE FILMES Y VIDEOCINTAS 
417025,ACTIVIDAD DE RADIO Y TELEVISION 
417030,ACTIVIDAD TEATRAL, MUSICAL Y ARTISTICA 
417035,GRABACION Y PRODUCCION DE DISCOS 
417040,ENTRETENIMIENTO Y ESPARCIMIENTO 
417045,AGENCIAS DE NOTICIAS 
417050,LAVANDERIAS Y SIMILARES 
417055,PELUQUERIAS Y SIMILARES 
417060,SERVICIOS FUNERARIOS 
417065,ZONAS FRANCAS 
417095,ACTIVIDADES CONEXAS 
417099,AJUSTES POR INFLACION 
4175,DEVOLUCIONES, REBAJAS Y DESCUENTOS EN VENTAS (DB) 
417501 a 417598 ,
417599,AJUSTES POR INFLACION 
42,NO OPERACIONALES 
4205,OTRAS VENTAS 
420505,MATERIA PRIMA 
420510,MATERIAL DE DESECHO 
420515,MATERIALES VARIOS 
420520,PRODUCTOS DE DIVERSIFICACION 
420525,EXCEDENTES DE EXPORTACION 
420530,ENVASES Y EMPAQUES 
420535,PRODUCTOS AGRICOLAS 
420540,DE PROPAGANDA 
420545,PRODUCTOS EN REMATE 
420550,COMBUSTIBLES Y LUBRICANTES 
420599,AJUSTES POR INFLACION 
4210,FINANCIEROS 
421005,INTERESES 
421010,REAJUSTE MONETARIO - UPAC 
421015,DESCUENTOS AMORTIZADOS 
421020,DIFERENCIA EN CAMBIO 
421025,FINANCIACION VEHICULOS 
421030,FINANCIACION SISTEMAS DE VIAJES 
421035,ACEPTACIONES BANCARIAS 
421040,DESCUENTOS COMERCIALES CONDICIONADOS 
421045,DESCUENTOS BANCARIOS 
421050,COMISIONES CHEQUES DE OTRAS PLAZAS 
421055,MULTAS Y RECARGOS 
421060,SANCIONES CHEQUES DEVUELTOS 
421095,OTROS 
421099,AJUSTES POR INFLACION 
4215,DIVIDENDOS Y PARTICIPACIONES 
421505,DE SOCIEDADES ANONIMAS Y/O ASIMILADAS 
421510,DE SOCIEDADES LIMITADAS Y/O ASIMILADAS 
421599,AJUSTES POR INFLACION 
4220,ARRENDAMIENTOS 
422005,TERRENOS 
422010,CONSTRUCCIONES Y EDIFICIOS 
422015,MAQUINARIA Y EQUIPO 
422020,EQUIPO DE OFICINA 
422025,EQUIPO DE COMPUTACION Y COMUNICACION 
422030,EQUIPO MEDICO - CIENTIFICO 
422035,EQUIPO DE HOTELES Y RESTAURANTES 
422040,FLOTA Y EQUIPO DE TRANSPORTE 
422045,FLOTA Y EQUIPO FLUVIAL Y/O MARITIMO 
422050,FLOTA Y EQUIPO AEREO 
422055,FLOTA Y EQUIPO FERREO 
422060,ACUEDUCTOS PLANTAS Y REDES 
422062,ENVASES Y EMPAQUES 
422065,PLANTACIONES AGRICOLAS Y FORESTALES 
422070,AERODROMOS 
422075,SEMOVIENTES 
422099,AJUSTES POR INFLACION 
4225,COMISIONES 
422505,SOBRE INVERSIONES 
422510,DE CONCESIONARIOS 
422515,DE ACTIVIDADES FINANCIERAS 
422520,POR VENTA DE SERVICIOS DE TALLER 
422525,POR VENTA DE SEGUROS 
422530,POR INGRESOS PARA TERCEROS 
422535,POR DISTRIBUCION DE PELICULAS 
422540,DERECHOS DE AUTOR 
422545,DERECHOS DE PROGRAMACION 
422599,AJUSTES POR INFLACION 
4230,HONORARIOS 
423005,ASESORIAS 
423010,ASISTENCIA TECNICA 
423015,ADMINISTRACION DE VINCULADAS 
423099,AJUSTES POR INFLACION 
4235,SERVICIOS 
423505,DE BASCULA 
423510,DE TRANSPORTE 
423515,DE PRENSA 
423520,ADMINISTRATIVOS 
423525,TECNICOS 
423530,DE COMPUTACION 
423535,DE TELEFAX 
423540,TALLER DE VEHICULOS 
423545,DE RECEPCION DE AERONAVES 
423550,DE TRANSPORTE PROGRAMA GAS NATURAL 
423555,POR CONTRATOS 
423560,DE TRILLLA 
423565,DE MANTENIMIENTO 
423570,AL PERSONAL 
423575,DE CASINO 
423580,FLETES 
423585,ENTRE COMPAÑIAS 
423595,OTROS 
423599,AJUSTES POR INFLACION 
4240,UTILIDAD EN VENTA DE INVERSIONES 
424005,ACCIONES 
424010,CUOTAS O PARTES DE INTERES SOCIAL 
424015,BONOS 
424020,CEDULAS 
424025,CERTIFICADOS 
424030,PAPELES COMERCIALES 
424035,TITULOS 
424045,DERECHOS FIDUCIARIOS 
424050,OBLIGATORIAS 
424095,OTRAS 
424099,AJUSTES POR INFLACION 
4245,UTILIDAD EN VENTA DE PROPIEDADES PLANTA Y EQUIPO 
424504,TERRENOS 
424506,MATERIALES INDUSTRIA PETROLERA 
424508,CONSTRUCCIONES EN CURSO 
424512,MAQUINARIA EN MONTAJE 
424516,CONSTRUCCIONES Y EDIFICACIONES 
424520,MAQUINARIA Y EQUIPO 
424524,EQUIPO DE OFICINA 
424528,EQUIPO DE COMPUTACION Y COMUNICACION 
424532,EQUIPO MEDICO - CIENTIFICO 
424536,EQUIPO DE HOTELES Y RESTAURANTES 
424540,FLOTA Y EQUIPO DE TRANSPORTE 
424544,FLOTA Y EQUIPO FLUVIAL Y/O MARITIMO 
424548,FLOTA Y EQUIPO AEREO 
424552,FLOTA Y EQUIPO FERREO 
424556,ACUEDUCTOS PLANTAS Y REDES 
424560,ARMAMENTO DE VIGILANCIA 
424562,ENVASES Y EMPAQUES 
424564,PLANTACIONES AGRICOLAS Y FORESTALES 
424568,VIAS DE COMUNICACION 
424572,MINAS Y CANTERAS 
424580,POZOS ARTESIANOS 
424584,YACIMIENTOS 
424588,SEMOVIENTES 
424599,AJUSTES POR INFLACION 
4248,UTILIDAD EN VENTA DE OTROS BIENES 
424805,INTANGIBLES 
424810,OTROS ACTIVOS 
424899,AJUSTES POR INFLACION 
4250,RECUPERACIONES 
425005,DEUDAS MALAS 
425010,SEGUROS 
425015,RECLAMOS 
425020,REINTEGRO POR PERSONAL EN COMISION 
425025,REINTEGRO GARANTIAS 
425030,DESCUENTOS CONCEDIDOS 
425035,REINTEGRO PROVISIONES 
425040,GASTOS BANCARIOS 
425045,DE DEPRECIACION 
425050,REINTEGRO DE OTROS COSTOS Y GASTOS 
425099,AJUSTES POR INFLACION 
4255,INDEMNIZACIONES 
425505,POR SINIESTRO 
425510,POR SUMINISTROS 
425515,LUCRO CESANTE COMPAÑIAS DE SEGUROS 
425520,DAÑO EMERGENTE COMPAÑIAS DE SEGUROS 
425525,POR PERDIDA DE MERCANCIA 
425530,POR INCUMPLIMIENTO DE CONTRATOS 
425535,DE TERCEROS 
425540,POR INCAPACIDADES I.S.S. 
425595,OTRAS 
425599,AJUSTES POR INFLACION 
4260,PARTICIPACIONES EN CONCESIONES 
426001 a 426098 ,
426099,AJUSTES POR INFLACION 
4265,INGRESOS DE EJERCICIOS ANTERIORES 
426501 a 426598 ,
426599,AJUSTES POR INFLACION 
4275,DEVOLUCIONES, REBAJAS Y DESCUENTOS EN OTRAS VENTAS (DB) 
427501 a 427598 ,
427599,AJUSTES POR INFLACION 
4295,DIVERSOS 
429503,CERT 
429505,APROVECHAMIENTOS 
429507,AUXILIOS 
429509,DONACIONES 
429511,INGRESOS POR INVESTIGACION Y DESARROLLO 
429513,POR TRABAJOS EJECUTADOS 
429515,REGALIAS 
429517,DERIVADOS DE LAS EXPORTACIONES 
429519,OTROS INGRESOS DE EXPLOTACION 
429521,DE LA ACTIVIDAD GANADERA 
429525,DERECHOS Y LICITACIONES 
429530,INGRESOS POR ELEMENTOS PERDIDOS 
429533,MULTAS Y RECARGOS 
429535,PREAVISOS DESCONTADOS 
429537,RECLAMOS 
429540,RECOBRO DE DAÑOS 
429543,PREMIOS 
429545,BONIFICACIONES 
429547,PRODUCTOS DESCONTADOS 
429549,RECONOCIMIENTOS I.S.S. 
429551,EXCEDENTES 
429553,SOBRANTES DE CAJA MENOR 
429555,SOBRANTES EN LIQUIDACION FLETES 
429557,SUBSIDIOS ESTATALES 
429559,CAPACITACION DISTRIBUIDORES 
429561,DE ESCRITURACION 
429563,REGISTRO PROMESAS DE VENTA 
429567,UTILES, PAPELERIA Y FOTOCOPIAS 
429571,RESULTADOS MATRICULAS Y TRASPASOS 
429573,DECORACIONES 
429575,MANEJO DE CARGA 
429579,HISTORIA CLINICA 
429581,AJUSTE AL PESO 
429583,LLAMADAS TELEFONICAS 
429599,AJUSTES POR INFLACION 
47,AJUSTES POR INFLACION 
4705,CORRECCION MONETARIA 
470505,INVERSIONES (CR) 
470510,INVENTARIOS (CR) 
470515,PROPIEDADES, PLANTA Y EQUIPO (CR) 
470520,INTANGIBLES (CR) 
470525,ACTIVOS DIFERIDOS 
470530,OTROS ACTIVOS (CR) 
470535,PASIVOS SUJETOS DE AJUSTE 
470540,PATRIMONIO 
470545,DEPRECIACION ACUMULADA (DB) 
470550,DEPRECIACION DIFERIDA (CR) 
470555,AGOTAMIENTO ACUMULADO (DB) 
470560,AMORTIZACION ACUMULADA (DB) 
470565,INGRESOS OPERACIONALES (DB) 
470570,INGRESOS NO OPERACIONALES (DB) 
470575,GASTOS OPERACIONALES DE ADMINISTRACION (CR) 
470580,GASTOS OPERACIONALES DE VENTAS (CR) 
470585,GASTOS NO OPERACIONALES (CR) 
470590,COMPRAS (CR) 
470592,COSTO DE VENTAS (CR) 
470594,COSTOS DE PRODUCCION O DE OPERACION (DB) 
5,GASTOS 
51,OPERACIONALES DE ADMINISTRACION 
5105,GASTOS DE PERSONAL 
510503,SALARIO INTEGRAL 
510506,SUELDOS 
510512,JORNALES 
510515,HORAS EXTRAS Y RECARGOS 
510518,COMISIONES 
510521,VIATICOS 
510524,INCAPACIDADES 
510527,AUXILIO DE TRANSPORTE 
510530,CESANTIAS 
510533,INTERESES SOBRE CESANTIAS 
510536,PRIMA DE SERVICIOS 
510539,VACACIONES 
510542,PRIMAS EXTRALEGALES 
510545,AUXILIOS 
510548,BONIFICACIONES 
510551,DOTACION Y SUMINISTRO A TRABAJADORES 
510554,SEGUROS 
510557,CUOTAS PARTES PENSIONES DE JUBILACION 
510558,AMORTIZACION CALCULO ACTUARIAL PENSIONES DE JUBILACION 
510559,PENSIONES DE JUBILACION 
510560,INDEMNIZACIONES LABORALES 
510563,CAPACITACION AL PERSONAL 
510566,GASTOS DEPORTIVOS Y DE RECREACION 
510569,APORTES AL I.S.S 
510572,APORTES CAJAS DE COMPENSACION FAMILIAR 
510575,APORTES I.C.B.F. 
510578,SENA 
510581,APORTES SINDICALES 
510584,GASTOS MEDICOS Y DROGAS 
510595,OTROS 
510599,AJUSTES POR INFLACION 
5110,HONORARIOS 
511005,JUNTA DIRECTIVA 
511010,REVISORÍA FISCAL 
511015,AUDITORIA EXTERNA 
511020,AVALUOS 
511025,ASESORIA JURIDICA 
511030,ASESORIA FINANCIERA 
511035,ASESORIA TECNICA 
511095,OTROS 
511099,AJUSTES POR INFLACION 
5115,IMPUESTOS 
511505,INDUSTRIA Y COMERCIO 
511510,DE TIMBRES 
511515,A LA PROPIEDAD RAIZ 
511520,DERECHOS SOBRE INSTRUMENTOS PUBLICOS 
511525,DE VALORIZACION 
511530,DE TURISMO 
511535,TASA POR UTILIZACION DE PUERTOS 
511540,DE VEHICULOS 
511545,DE ESPECTACULOS PUBLICOS 
511550,CUOTAS DE FOMENTO 
511570,IVA DESCONTABLE 
511595,OTROS 
511599,AJUSTES POR INFLACION 
5120,ARRENDAMIENTOS 
512005,TERRENOS 
512010,CONSTRUCCIONES Y EDIFICACIONES 
512015,MAQUINARIA Y EQUIPO 
512020,EQUIPO DE OFICINA 
512025,EQUIPO DE COMPUTACION Y COMUNICACION 
512030,EQUIPO MEDICO - CIENTIFICO 
512035,EQUIPO DE HOTELES Y RESTAURANTES 
512040,FLOTA Y EQUIPO DE TRANSPORTE 
512045,FLOTA Y EQUIPO FLUVIAL Y/O MARITIMO 
512050,FLOTA Y EQUIPO AEREO 
512055,FLOTA Y EQUIPO FERREO 
512060,ACUEDUCTOS PLANTAS Y REDES 
512065,AERODROMOS 
512070,SEMOVIENTES 
512095,OTROS 
512099,AJUSTES POR INFLACION 
5125,CONTRIBUCIONES Y AFILIACIONES 
512505,CONTRIBUCIONES 
512510,AFILIACIONES Y SOSTENIMIENTO 
512599,AJUSTES POR INFLACION 
5130,SEGUROS 
513005,MANEJO 
513010,CUMPLIMIENTO 
513015,CORRIENTE DEBIL 
513020,VIDA COLECTIVA 
513025,INCENDIO 
513030,TERREMOTO 
513035,SUSTRACCION Y HURTO 
513040,FLOTA Y EQUIPO DE TRANSPORTE 
513045,FLOTA Y EQUIPO FLUVIAL Y/O MARITIMO 
513050,FLOTA Y EQUIPO AEREO 
513055,FLOTA Y EQUIPO FERREO 
513060,RESPONSABILIDAD CIVIL Y EXTRACONTRACTUAL 
513065,VUELO 
513070,ROTURA DE MAQUINARIA 
513075,OBLIGATORIO ACCIDENTE DE TRANSITO 
513080,LUCRO CESANTE 
513095,OTROS 
513099,AJUSTES POR INFLACION 
5135,SERVICIOS 
513505,ASEO Y VIGILANCIA 
513510,TEMPORALES 
513515,ASISTENCIA TECNICA 
513520,PROCESAMIENTO ELECTRONICO DE DATOS 
513525,ACUEDUCTO Y ALCANTARILLADO 
513530,ENERGIA ELECTRICA 
513535,TELEFONO 
513540,CORREO, PORTES Y TELEGRAMAS 
513545,FAX Y TELEX 
513550,TRANSPORTE, FLETES Y ACARREOS 
513555,GAS 
513595,OTROS 
513599,AJUSTES POR INFLACION 
5140,GASTOS LEGALES 
514005,NOTARIALES 
514010,REGISTRO MERCANTIL 
514015,TRAMITES Y LICENCIAS 
514020,ADUANEROS 
514025,CONSULARES 
514095,OTROS 
514099,AJUSTES POR INFLACION 
5145,MANTENIMIENTO Y REPARACIONES 
514505,TERRENOS 
514510,CONSTRUCCIONES Y EDIFICACIONES 
514515,MAQUINARIA Y EQUIPO 
514520,EQUIPO DE OFICINA 
514525,EQUIPO DE COMPUTACION Y COMUNICACION 
514530,EQUIPO MEDICO-CIENTIFICO 
514535,EQUIPO DE HOTELES Y RESTAURANTES 
514540,FLOTA Y EQUIPO DE TRANSPORTE 
514545,FLOTA Y EQUIPO FLUVIAL Y/O MARITIMO 
514550,FLOTA Y EQUIPO AEREO 
514555,FLOTA Y EQUIPO FERREO 
514560,ACUEDUCTOS PLANTAS Y REDES 
514565,ARMAMENTO DE VIGILANCIA 
514570,VIAS DE COMUNICACION 
514599,AJUSTES POR INFLACION 
5150,ADECUACION E INSTALACION 
515005,INSTALACIONES ELECTRICAS 
515010,ARREGLOS ORNAMENTALES 
515015,REPARACIONES LOCATIVAS 
515095,OTROS 
515099,AJUSTES POR INFLACION 
5155,GASTOS DE VIAJE 
515505,ALOJAMIENTO Y MANUTENCION 
515510,PASAJES FLUVIALES Y/O MARITIMOS 
515515,PASAJES AEREOS 
515520,PASAJES TERRESTRES 
515525,PASAJES FERREOS 
515595,OTROS 
515599,AJUSTES POR INFLACION 
5160,DEPRECIACIONES 
516005,CONSTRUCCIONES Y EDIFICACIONES 
516010,MAQUINARIA Y EQUIPO 
516015,EQUIPO DE OFICINA 
516020,EQUIPO DE COMPUTACION Y COMUNICACION 
516025,EQUIPO MEDICO - CIENTIFICO 
516030,EQUIPO DE HOTELES Y RESTAURANTES 
516035,FLOTA Y EQUIPO DE TRANSPORTE 
516040,FLOTA Y EQUIPO FLUVIAL Y/O MARITIMO 
516045,FLOTA Y EQUIPO AEREO 
516050,FLOTA Y EQUIPO FERREO 
516055,ACUEDUCTOS, PLANTAS Y REDES 
516060,ARMAMENTO DE VIGILANCIA 
516099,AJUSTES POR INFLACION 
5165,AMORTIZACIONES 
516505,VIAS DE COMUNICACION 
516510,INTANGIBLES 
516515,CARGOS DIFERIDOS 
516595,OTRAS 
516599,AJUSTES POR INFLACION 
5195,DIVERSOS 
519505,COMISIONES 
519510,LIBROS, SUSCRIPCIONES, PERIODICOS Y REVISTAS 
519515,MUSICA AMBIENTAL 
519520,GASTOS DE REPRESENTACION Y RELACIONES PUBLICAS 
519525,ELEMENTOS DE ASEO Y CAFETERIA 
519530,UTILES, PAPELERIA Y FOTOCOPIAS 
519535,COMBUSTIBLES Y LUBRICANTES 
